{
    "rmse": 0.7553503043267177,
    "mae": 0.5995003217856744,
    "r2": 0.08666593471366546
}