{
    "rmse": 0.6958502092496119,
    "mae": 0.5398959474738944,
    "r2": 0.2740244931028467
}